{
    "$schema": "https://schema.management.azure.com/schemas/2019-04-01/deploymentTemplate.json#",
    "contentVersion": "1.0.0.0",
    "parameters": {
        "utcValue": {
            "type": "string",
            "metadata": {
                "description": "Returns the current (UTC) datetime value in the specified format. If no format is provided, the ISO 8601 (yyyyMMddTHHmmssZ) format is used"
            },
            "defaultValue": "[utcNow()]"
        },
        "workspaceName": {
            "type": "string",
            "metadata": {
                "description": "Name for the Log Analytics workspace used to aggregate data"
            }
        },
        "pricingTier": {
            "type": "string",
            "allowedValues": [
                "PerGB2018",
                "Free",
                "Standalone",
                "PerNode",
                "Standard",
                "Premium"
            ],
            "defaultValue": "PerGB2018",
            "metadata": {
                "description": "Pricing tier: pergb2018 or legacy tiers (Free, Standalone, PerNode, Standard or Premium) which are not available to all customers."
            }
        },
        "dataRetention": {
            "type": "int",
            "defaultValue": 30,
            "minValue": 7,
            "maxValue": 730,
            "metadata": {
                "description": "Number of days of retention. Workspaces in the legacy Free pricing tier can only have 7 days."
            }
        },
        "immediatePurgeDataOn30Days": {
            "type": "bool",
            "defaultValue": true,
            "metadata": {
                "description": "If set to true when changing retention to 30 days, older data will be immediately deleted. Use this with extreme caution. This only applies when retention is being set to 30 days."
            }
        },
        "adminUsername": {
            "type": "string",
            "metadata": {
                "description": "Username for the Virtual Machines (Windows, Linux)."
            }
        },
        "authenticationType": {
            "type": "string",
            "defaultValue": "password",
            "allowedValues": [
                "sshPublicKey",
                "password"
            ],
            "metadata": {
                "description": "Type of authentication to use on the Linux Virtual Machine. SSH key is recommended."
            }
        },
        "adminPasswordOrKey": {
            "type": "securestring",
            "metadata": {
                "description": "SSH Key or password for the Linux Virtual Machine. SSH key is recommended. The password must be at least 8 characters in length and must contain at least one digit, one non-alphanumeric character, and one upper or lower case letter."
            }
        },
        "vmSize": {
            "type": "string",
            "defaultValue": "Standard_B2s",
            "allowedValues": [
                "Standard_A2",
                "Standard_A3",
                "Standard_B2s",
                "Standard_B2ms",
                "Standard_A2_v2",
                "Standard_A4_v2"
            ],
            "metadata": {
                "description": "Size of the virtual machine. Reference: https://docs.microsoft.com/en-us/azure/virtual-machines/sizes-general"
            }
        },
        "remoteAccessMode": {
            "type": "string",
            "defaultValue": "AllowPublicIP",
            "allowedValues": [
                "AllowPublicIP",
                "AzureBastionHost"
            ],
            "metadata": {
                "description": "Do you want to restrict access to your environment by a Public IP or set up an Azure Bastion Host. If the former, make sure you add your public IP address to the variable 'allowedIPAddresses'"
            }
        },
        "allowedIPAddresses": {
            "type": "string",
            "metadata": {
                "description": "The sourceAddressPrefixes allowed to connect to this deployment"
            },
            "defaultValue": "*"
        },
        "azureBastionSubnetRange": {
            "type": "string",
            "metadata": {
                "description": "Address Range of the Azure Bastion service"
            },
            "defaultValue": "192.168.3.0/27"
        },
        "addMordorDatasets": {
            "type": "string",
            "defaultValue": "NoItems",
            "allowedValues": [
                "NoItems",
                "mordor-small-datasets",
                "mordor-large-apt29"
            ],
            "metadata": {
                "description": "Do you want to deploy additional resources and connect them to your current Azure Sentinel's workspace?"
            }
        },
        "deployCustomLogsPipeline": {
            "type": "string",
            "defaultValue": "Logstash",
            "allowedValues": [
                "Logstash",
                "Logstash-EventHub"
            ],
            "metadata": {
                "description": "Do you want to deploy a data ingestion pipeline along with an Azure Sentinel solution? Events get sent to a custom logs table named prerecorded. You also have the option to deploy the pipeline with pre-recorded datasets from the Mordor project (https://mordordatasets.com)"
            }
        },
        "location": {
            "type": "string",
            "defaultValue": "[resourceGroup().location]",
            "metadata": {
                "description": "Location for all resources."
            }
        }
    },
    "variables": {
        "artifactsBlacksmithLocation": "https://raw.githubusercontent.com/OTRF/Blacksmith/master/",
        "artifactsAzureSentinel2Go": "https://raw.githubusercontent.com/OTRF/Azure-Sentinel2Go/master/",
        "customScriptTemplateUri": "[uri(variables('artifactsAzureSentinel2Go'), 'azure-sentinel/linkedtemplates/customScript.json')]",
        "azureEnvironment": "[toLower(environment().name)]"
    },
    "resources": [
        {
            "name": "deployAzureSentinel2Go",
            "type": "Microsoft.Resources/deployments",
            "apiVersion": "2020-06-01",
            "properties": {
                "mode": "Incremental",
                "templateLink": {
                    "uri": "[uri(variables('artifactsAzureSentinel2Go'),'azure-sentinel/azuredeploy.json')]",
                    "contentVersion": "1.0.0.0"
                },
                "parameters": {
                    "utcValue": {
                        "value": "[parameters('utcValue')]"
                    },
                    "workspaceName": {
                        "value": "[parameters('workspaceName')]"
                    },
                    "pricingTier": {
                        "value": "[parameters('pricingTier')]"
                    },
                    "dataRetention": {
                        "value": "[parameters('dataRetention')]"
                    },
                    "immediatePurgeDataOn30Days": {
                        "value": "[parameters('immediatePurgeDataOn30Days')]"
                    }
                }
            }
        },
        {
            "name": "deployLogstashVM",
            "type": "Microsoft.Resources/deployments",
            "apiVersion": "2020-06-01",
            "properties": {
                "mode": "Incremental",
                "templateLink": {
                    "uri": "[uri(variables('artifactsBlacksmithLocation'), 'templates/azure/Linux/azuredeploy.json')]",
                    "contentVersion": "1.0.0.0"
                },
                "parameters": {
                    "adminUsername": {
                        "value": "[parameters('adminUsername')]"
                    },
                    "authenticationType": {
                        "value": "[parameters('authenticationType')]"
                    },
                    "vmSize": {
                        "value": "[parameters('vmSize')]"
                    },
                    "adminPasswordOrKey": {
                        "value": "[parameters('adminPasswordOrKey')]"
                    },
                    "remoteAccessMode": {
                        "value": "[parameters('remoteAccessMode')]"
                    },
                    "allowedIPAddresses": {
                        "value": "[parameters('allowedIPAddresses')]"
                    },
                    "azureBastionSubnetRange": {
                        "value": "[parameters('azureBastionSubnetRange')]"
                    },
                    "location": {
                        "value": "[parameters('location')]"
                    }
                }
            }
        },
        {
            "condition": "[contains(parameters('deployCustomLogsPipeline'), 'EventHub')]",
            "name": "deployEventHub",
            "type": "Microsoft.Resources/deployments",
            "apiVersion": "2020-06-01",
            "properties": {
                "mode": "Incremental",
                "templateLink": {
                    "uri": "[uri(variables('artifactsBlacksmithLocation'), 'templates/azure/EventHub/azuredeploy.json')]",
                    "contentVersion": "1.0.0.0"
                },
                "parameters": {
                    "projectName": {
                        "value": "AZSentinelPipe"
                    },
                    "eventHubSku": {
                        "value": "Standard"
                    }
                }
            }
        },
        {
            "name": "customLogsPipeline",
            "type": "Microsoft.Resources/deployments",
            "apiVersion": "2020-06-01",
            "dependsOn": [
                "deployAzureSentinel2Go",
                "deployLogstashVM",
                "deployEventHub"
            ],
            "properties": {
                "mode": "Incremental",
                "templateLink": {
                    "uri": "[variables('customScriptTemplateUri')]",
                    "contentVersion": "1.0.0.0"
                },
                "parameters": {
                    "extensionName": {
                        "value": "SetupLogstash"
                    },
                    "commandToExecute": {
                        "value": "[concat('bash Install-Logstash.sh -i ', reference('deployAzureSentinel2Go').outputs.workspaceIdOutput.value, ' ', '-k', ' ', reference('deployAzureSentinel2Go').outputs.workspaceKeyOutput.value, ' ', '-u', ' ', parameters('adminUsername'), ' ', '-p', ' ', variables('azureEnvironment'), if(contains(parameters('deployCustomLogsPipeline'), 'EventHub'), concat(' ', '-c', ' ', '\"', reference('deployEventHub').outputs.NamespaceConnectionString.value, '\"', ' ', '-e', ' ', reference('deployEventHub').outputs.EventHubName.value), ''))]"
                    },
                    "fileUris": {
                        "value": [
                            "[uri(variables('artifactsAzureSentinel2Go'), 'grocery-list/custom-log-pipeline/scripts/Install-Logstash.sh')]"
                        ]
                    },
                    "vmName": {
                        "value": "[reference('deployLogstashVM').outputs.allLinuxVMsDeployed.value[0].vmName]"
                    },
                    "location": {
                        "value": "[parameters('location')]"
                    }
                }
            }
        },
        {
            "condition": "[or(contains(parameters('addMordorDatasets'), 'mordor-small-datasets'), contains(parameters('addMordorDatasets'), 'mordor-large-apt29'))]",
            "name": "importMordorDatasets",
            "type": "Microsoft.Resources/deployments",
            "apiVersion": "2020-06-01",
            "dependsOn": [
                "customLogsPipeline"
            ],
            "properties": {
                "mode": "Incremental",
                "templateLink": {
                    "uri": "[variables('customScriptTemplateUri')]",
                    "contentVersion": "1.0.0.0"
                },
                "parameters": {
                    "extensionName": {
                        "value": "SetupLogstash"
                    },
                    "commandToExecute": {
                        "value": "[concat('bash Get-Mordor.sh -d', ' ', if(contains(parameters('addMordorDatasets'), 'mordor-small-datasets'),'SMALL_DATASETS', 'LARGE_APT29' ))]"
                    },
                    "fileUris": {
                        "value": [
                            "[uri(variables('artifactsAzureSentinel2Go'), 'grocery-list/custom-log-pipeline/scripts/Get-Mordor.sh')]"
                        ]
                    },
                    "vmName": {
                        "value": "[reference('deployLogstashVM').outputs.allLinuxVMsDeployed.value[0].vmName]"
                    },
                    "location": {
                        "value": "[parameters('location')]"
                    }
                }
            }
        }
    ],
    "outputs": {}
}