{
    "$schema": "https://schema.management.azure.com/schemas/2015-01-01/deploymentParameters.json#",
    "contentVersion": "1.0.0.0",
    "parameters": {
        "workspaceName": {
            "value": "Sentinel2Go"
        },
        "pricingTier": {
            "value": "PerGB2018"
        },
        "dataRetention": {
            "value": 30
        },
        "immediatePurgeDataOn30Days": {
            "value": true
        },
        "enableAdditionalLASolutions": {
            "value": []
        },
        "enableDataConnectorsKind": {
            "value": []
        },
        "enableLAFunctions": {
            "value": []
        },
        "postAnalyticRules": {
            "value": false
        },
        "userAssignedIdentityName": {
            "value": ""
        }
    }
}