{
    "$schema": "https://schema.management.azure.com/schemas/2019-04-01/deploymentTemplate.json#",
    "contentVersion": "1.0.0.0",
    "parameters": {
        "utcValue": {
            "type": "string",
            "metadata": {
                "description": "Returns the current (UTC) datetime value in the specified format. If no format is provided, the ISO 8601 (yyyyMMddTHHmmssZ) format is used"
            },
            "defaultValue": "[utcNow()]"
        },
        "workspaceName": {
            "type": "string",
            "metadata": {
                "description": "Name for the Log Analytics workspace used to aggregate data"
            }
        },
        "pricingTier": {
            "type": "string",
            "metadata": {
                "description": "Pricing tier: pergb2018 or legacy tiers (Free, Standalone, PerNode, Standard or Premium) which are not available to all customers."
            },
            "allowedValues": [
                "PerGB2018",
                "Free",
                "Standalone",
                "PerNode",
                "Standard",
                "Premium"
            ],
            "defaultValue": "PerGB2018"
        },
        "dataRetention": {
            "type": "int",
            "minValue": 7,
            "maxValue": 730,
            "metadata": {
                "description": "Number of days of retention. Workspaces in the legacy Free pricing tier can only have 7 days."
            },
            "defaultValue": 30
        },
        "immediatePurgeDataOn30Days": {
            "type": "bool",
            "metadata": {
                "description": "If set to true when changing retention to 30 days, older data will be immediately deleted. Use this with extreme caution. This only applies when retention is being set to 30 days."
            },
            "defaultValue": true
        },
        "dataConnectors": {
            "type": "array",
            "metadata": {
                "description": "The kind of data connectors to enable via ARM templates. Example: [\"AzureActivityLog\",\"SecurityEvents\",\"WindowsFirewall\",\"DnsAnalytics\"], Reference: https://docs.microsoft.com/en-us/azure/templates/microsoft.operationalinsights/2020-03-01-preview/workspaces/datasources#microsoftoperationalinsightsworkspacesdatasources-object"
            },
            "defaultValue": []
        },
        "enableAdditionalLASolutions": {
            "type": "array",
            "metadata": {
                "description": "Additional Log Solutions that you can install on the top of your Log Analytics Workspace. (e.g [\"ServiceMap\",\"WireData2\",\"InfrastructureInsights\"])"
            },
            "defaultValue": []
        },
        "enableLAFunctions": {
            "type": "array",
            "metadata": {
                "description": "List of functions to enable in your Log Analytics Workspace. Available: Sysmon"
            },
            "defaultValue": []
        },
        "securityCollectionTier": {
            "type": "string",
            "defaultValue": "Minimal",
            "allowedValues": [
                "All",
                "Recommended",
                "Minimal",
                "None"
            ],
            "metadata": {
                "description": "Tier for gathering Windows Security Events."
            }
        },
        "enableScheduledAlerts": {
            "type": "bool",
            "metadata": {
                "description": "Enable scheduled alert rules: https://docs.microsoft.com/en-us/rest/api/securityinsights/alertrules/createorupdate#scheduledalertrule"
            },
            "defaultValue": false
        },
        "enableSpecificScheduledAlerts": {
            "type": "array",
            "metadata": {
                "description": "Name of specific scheduled alert rules to enable. Reference: https://github.com/Azure/Azure-Sentinel/tree/master/Detections"
            },
            "defaultValue": []
        },
        "_artifactsLocation": {
            "type": "string",
            "metadata": {
                "description": "The location of resources"
            },
            "defaultValue": "https://raw.githubusercontent.com/OTRF/Azure-Sentinel2Go/master/"
        },
        "_artifactsLocationSasToken": {
            "type": "securestring",
            "metadata": {
                "description": "Auto-generated token to access _artifactsLocation. Leave it blank unless you need to provide your own value."
            },
            "defaultValue": ""
        },
        "location": {
            "type": "string",
            "metadata": {
                "description": "Location for all resources."
            },
            "defaultValue": "[resourceGroup().location]"
        }
    },
    "variables": {
        "uniqueWorkspace": "[concat(parameters('workspaceName'), uniquestring(resourceGroup().id, parameters('utcValue')))]"
    },
    "resources": [
        {
            "name": "[variables('uniqueWorkspace')]",
            "type": "Microsoft.OperationalInsights/workspaces",
            "apiVersion": "2020-08-01",
            "location": "[parameters('location')]",
            "properties": {
                "retentionInDays": "[parameters('dataRetention')]",
                "features": {
                    "immediatePurgeDataOn30Days": "[parameters('immediatePurgeDataOn30Days')]"
                },
                "sku": {
                    "name": "[parameters('pricingTier')]"
                }
            }
        },
        {
            "name": "[concat('SecurityInsights','(', variables('uniqueWorkspace'),')')]",
            "type": "Microsoft.OperationsManagement/solutions",
            "apiVersion": "2015-11-01-preview",
            "location": "[parameters('location')]",
            "dependsOn": [
                "[resourceId('Microsoft.OperationalInsights/workspaces/', variables('uniqueWorkspace'))]"
            ],
            "properties": {
                "workspaceResourceId": "[resourceId('Microsoft.OperationalInsights/workspaces', variables('uniqueWorkspace'))]"
            },
            "plan": {
                "name": "[concat('SecurityInsights','(', variables('uniqueWorkspace'),')')]",
                "product": "OMSGallery/SecurityInsights",
                "publisher": "Microsoft",
                "promotionCode": ""
            }
        },
        {
            "condition": "[not(empty(parameters('enableAdditionalLASolutions')))]",
            "name": "enableAdditionalLASolutions",
            "type": "Microsoft.Resources/deployments",
            "apiVersion": "2020-10-01",
            "dependsOn": [
                "[resourceId('Microsoft.OperationsManagement/solutions/', concat('SecurityInsights','(', variables('uniqueWorkspace'),')'))]"
            ],
            "properties": {
                "mode": "Incremental",
                "templateLink": {
                    "uri": "[uri(parameters('_artifactsLocation'), concat('azure-sentinel/linkedtemplates/log-analytics/additionalSolutions.json', parameters('_artifactsLocationSasToken')))]",
                    "contentVersion": "1.0.0.0"
                },
                "parameters": {
                    "solutionTypes": {
                        "value": "[parameters('enableAdditionalLASolutions')]"
                    },
                    "workspaceName": {
                        "value": "[variables('uniqueWorkspace')]"
                    },
                    "workspaceId": {
                        "value": "[resourceId('Microsoft.OperationalInsights/workspaces/', variables('uniqueWorkspace'))]"
                    },
                    "location": {
                        "value": "[parameters('location')]"
                    }
                }
            }
        },
        {
            "condition": "[not(empty(parameters('dataConnectors')))]",
            "name": "enableDataConnectors",
            "type": "Microsoft.Resources/deployments",
            "apiVersion": "2020-10-01",
            "dependsOn": [
                "[resourceId('Microsoft.OperationsManagement/solutions/', concat('SecurityInsights','(', variables('uniqueWorkspace'),')'))]"
            ],
            "properties": {
                "mode": "Incremental",
                "templateLink": {
                    "uri": "[uri(parameters('_artifactsLocation'), concat('azure-sentinel/linkedtemplates/data-connectors/allConnectors.json', parameters('_artifactsLocationSasToken')))]",
                    "contentVersion": "1.0.0.0"
                },
                "parameters": {
                    "dataConnectors": {
                        "value": "[parameters('dataConnectors')]"
                    },
                    "workspaceName": {
                        "value": "[variables('uniqueWorkspace')]"
                    },
                    "workspaceId": {
                        "value": "[resourceId('Microsoft.OperationalInsights/workspaces/', variables('uniqueWorkspace'))]"
                    },
                    "subscriptionId": {
                        "value": "[subscription().subscriptionId]"
                    },
                    "tenantId": {
                        "value": "[subscription().tenantId]"
                    },
                    "securityCollectionTier": {
                        "value": "[parameters('securityCollectionTier')]"
                    },
                    "location": {
                        "value": "[parameters('location')]"
                    }
                }
            }
        },
        {
            "condition": "[not(empty(parameters('enableLAFunctions')))]",
            "name": "deployLAFunctions",
            "type": "Microsoft.Resources/deployments",
            "apiVersion": "2020-10-01",
            "dependsOn": [
                "[resourceId('Microsoft.OperationalInsights/workspaces/', variables('uniqueWorkspace'))]"
            ],
            "properties": {
                "mode": "Incremental",
                "templateLink": {
                    "uri": "[uri(parameters('_artifactsLocation'), concat('azure-sentinel/linkedtemplates/log-analytics/functions.json', parameters('_artifactsLocationSasToken')))]",
                    "contentVersion": "1.0.0.0"
                },
                "parameters": {
                    "workspaceName": {
                        "value": "[variables('uniqueWorkspace')]"
                    },
                    "enableLAFunctions": {
                        "value": "[parameters('enableLAFunctions')]"
                    }
                }
            }
        },
        {
            "condition": "[or(parameters('enableScheduledAlerts'),not(empty(parameters('enableSpecificScheduledAlerts'))))]",
            "name": "enableScheduledAlerts",
            "type": "Microsoft.Resources/deployments",
            "apiVersion": "2020-10-01",
            "dependsOn": [
                "[resourceId('Microsoft.OperationsManagement/solutions/', concat('SecurityInsights','(', variables('uniqueWorkspace'),')'))]",
                "enableDataConnectors"
            ],
            "properties": {
                "mode": "Incremental",
                "templateLink": {
                    "uri": "[uri(parameters('_artifactsLocation'), concat('azure-sentinel/linkedtemplates/alerts/scheduledAlerts.json', parameters('_artifactsLocationSasToken')))]",
                    "contentVersion": "1.0.0.0"
                },
                "parameters": {
                    "workspaceName": {
                        "value": "[variables('uniqueWorkspace')]"
                    },
                    "dataConnectors": {
                        "value": "[parameters('dataConnectors')]"
                    },
                    "specificScheduledAlerts": {
                        "value": "[parameters('enableSpecificScheduledAlerts')]"
                    }
                }
            }
        }
    ],
    "outputs": {
        "workspaceName": {
            "type": "string",
            "value": "[variables('uniqueWorkspace')]"
        },
        "workspaceIdOutput": {
            "type": "string",
            "value": "[reference(resourceId('Microsoft.OperationalInsights/workspaces/', variables('uniqueWorkspace')), '2015-11-01-preview').customerId]"
        },
        "workspaceKeyOutput": {
            "type": "string",
            "value": "[listKeys(resourceId('Microsoft.OperationalInsights/workspaces/', variables('uniqueWorkspace')), '2015-11-01-preview').primarySharedKey]"
        },
        "workspaceResourceIdOutput": {
            "type": "string",
            "value": "[resourceId('Microsoft.OperationalInsights/workspaces/', variables('uniqueWorkspace'))]"
        }
    }
}