{
    "$schema": "https://schema.management.azure.com/schemas/2019-04-01/deploymentTemplate.json#",
    "contentVersion": "1.0.0.0",
    "parameters": {
        "workspaceName": {
            "type": "string",
            "metadata": {
                "description": "Name for the Log Analytics workspace"
            }
        },
        "dataConnectors": {
            "type": "array",
            "metadata": {
                "description": "Data connectors: [\"AzureActivityLog\",\"SecurityEvents\",\"WindowsFirewall\",\"DnsAnalytics\"]. Reference: https://docs.microsoft.com/azure/templates/microsoft.operationalinsights/2020-03-01-preview/workspaces/datasources#microsoftoperationalinsightsworkspacesdatasources-object and https://github.com/Azure/Azure-Sentinel/blob/master/Tools/Sentinel-All-In-One/ARMTemplates/LinkedTemplates/scheduledAlerts.json"
            }
        },
        "specificScheduledAlerts": {
            "type": "array",
            "metadata": {
                "description": "Name of specific scheduled alert rules to enable. Reference: https://github.com/Azure/Azure-Sentinel/tree/master/Detections"
            }
        },
        "roleGuid": {
            "type": "string",
            "defaultValue": "[newGuid()]"
        }
    },
    "functions": [],
    "variables": {
        "identityName": "[concat('userIdentity',uniqueString(resourceGroup().id))]",
        "initialArguments": "[concat('-Workspace ', parameters('workspaceName'), ' -ResourceGroup ', resourceGroup().name, ' -DataConnectors ', replace(replace(string(parameters('dataConnectors')), '[', ''), ']', ''))]",
        "alertArguments": "[if(empty(parameters('specificScheduledAlerts')), variables('initialArguments'), concat(variables('initialArguments'), ' -Alerts ', replace(replace(replace(string(parameters('specificScheduledAlerts')), '[', ''), ']', ''), ' ','_')))]"
    },
    "resources": [
        {
            "type": "Microsoft.ManagedIdentity/userAssignedIdentities",
            "name": "[variables('identityName')]",
            "apiVersion": "2018-11-30",
            "location": "[resourceGroup().location]"
        },
        {
            "type": "Microsoft.Resources/deploymentScripts",
            "apiVersion": "2020-10-01",
            "name": "sleep",
            "location": "[resourceGroup().location]",
            "kind": "AzurePowerShell",
            "dependsOn": [
                "[concat('Microsoft.ManagedIdentity/userAssignedIdentities/', variables('identityName'))]"
            ],
            "properties": {
                "forceUpdateTag": "1",
                "azPowerShellVersion": "3.0",
                "arguments": "",
                "scriptContent": "Start-Sleep -Seconds 120",
                "supportingScriptUris": [],
                "timeout": "PT30M",
                "cleanupPreference": "Always",
                "retentionInterval": "P1D"
            }
        },
        {
            "apiVersion": "2017-09-01",
            "type": "Microsoft.Authorization/roleAssignments",
            "name": "[parameters('roleGuid')]",
            "dependsOn": [
                "[concat('Microsoft.Resources/deploymentScripts/', 'sleep')]"
            ],
            "properties": {
                "roleDefinitionId": "[concat('/subscriptions/', subscription().subscriptionId, '/providers/Microsoft.Authorization/roleDefinitions/', 'b24988ac-6180-42a0-ab88-20f7382dd24c')]",
                "principalId": "[reference(resourceId('Microsoft.ManagedIdentity/userAssignedIdentities', variables('identityName')), '2018-11-30', 'Full').properties.principalId]",
                "scope": "[resourceGroup().id]"
            }
        },
        {
            "type": "Microsoft.Resources/deploymentScripts",
            "apiVersion": "2020-10-01",
            "name": "runPowerShellInline",
            "location": "[resourceGroup().location]",
            "kind": "AzurePowerShell",
            "identity": {
                "type": "UserAssigned",
                "userAssignedIdentities": {
                    "[resourceID('Microsoft.ManagedIdentity/userAssignedIdentities/',variables('identityName'))]": {}
                }
            },
            "dependsOn": [
                "[concat('Microsoft.Authorization/roleAssignments/', parameters('roleGuid'))]"
            ],
            "properties": {
                "forceUpdateTag": "1",
                "azPowerShellVersion": "3.0",
                "arguments": "[variables('alertArguments')]",
                "primaryScriptUri": "https://raw.githubusercontent.com/OTRF/Azure-Sentinel2Go/master/resources/scripts/Enable-ScheduledAlerts.ps1",
                "supportingScriptUris": [],
                "timeout": "PT30M",
                "cleanupPreference": "OnSuccess",
                "retentionInterval": "P1D"
            }
        }
    ],
    "outputs": {}
}