{
    "$schema": "https://schema.management.azure.com/schemas/2019-04-01/deploymentTemplate.json#",
    "contentVersion": "1.0.0.0",
    "parameters": {
        "workspaceName": {
            "type": "string",
            "defaultValue": "AzSen2Go",
            "metadata": {
                "description": "Name for the Log Analytics workspace used to aggregate data. If this is a new LA workspace, the template will add a unique string to the name you choose. If you are using an existing LA workspace, the name will not change and will be passed as is to the resources in the template."
            }
        },
        "workspaceId": {
            "type": "string",
            "defaultValue": "",
            "metadata": {
                "description": "Your own existing log analytics workspace ID. Leave it empty if you are deploying a new LA workspace."
            }
        },
        "workspaceKey": {
            "type": "string",
            "defaultValue": "",
            "metadata": {
                "description": "Your own existing log analytics workspace key. Leave it empty if you are deploying a new LA workspace."
            }
        },
        "pricingTier": {
            "type": "string",
            "allowedValues": [
                "PerGB2018",
                "Free",
                "Standalone",
                "PerNode",
                "Standard",
                "Premium"
            ],
            "defaultValue": "PerGB2018",
            "metadata": {
                "description": "Pricing tier: pergb2018 or legacy tiers (Free, Standalone, PerNode, Standard or Premium) which are not available to all customers."
            }
        },
        "dataRetention": {
            "type": "int",
            "defaultValue": 30,
            "minValue": 7,
            "maxValue": 730,
            "metadata": {
                "description": "Number of days of retention. Workspaces in the legacy Free pricing tier can only have 7 days."
            }
        },
        "immediatePurgeDataOn30Days": {
            "type": "bool",
            "defaultValue": true,
            "metadata": {
                "description": "If set to true when changing retention to 30 days, older data will be immediately deleted. Use this with extreme caution. This only applies when retention is being set to 30 days."
            }
        },
        "adminUsername": {
            "type": "string",
            "metadata": {
                "description": "Admin username for all virtual machines."
            }
        },
        "adminPassword": {
            "type": "securestring",
            "metadata": {
                "description": "Password for the all Virtual machines. The password must be at least 8 characters in length and must contain at least one digit, one non-alphanumeric character, and one upper or lower case letter. DO NOT USE THE '&' CHARACTER IN YOUR PASSWORD. THE PALO ALTO NETWORKS VM FIREWALL API DOES NOT HANDLE IT PROPERLY"
            },
            "minLength": 12
        },
        "allowedIPAddresses": {
            "type": "string",
            "metadata": {
                "description": "The sourceAddressPrefixes allowed to connect to this deployment"
            }
        },
        "firewallSubscription": {
            "type": "string",
            "allowedValues": [
                "byol",
                "bundle1",
                "bundle2"
            ],
            "metadata": {
                "description": "Firewall License Model. Reference: https://knowledgebase.paloaltonetworks.com/KCSArticleDetail?id=kA10g000000ClDACA0"
            },
            "defaultValue": "bundle2"
        },
        "firewallVMSize": {
            "type": "string",
            "defaultValue": "Standard_D3_v2",
            "allowedValues": [
                "Standard_D3_v2",
                "Standard_D4_v2"
            ],
            "metadata": {
                "description": "This is the size of PAN's firewall VM"
            }
        },
        "windowsDesktopSKU": {
            "type": "string",
            "defaultValue": "19h2-pro",
            "allowedValues": [
                "19h1-pro",
                "19h2-pro",
                "rs4-pro",
                "rs5-pro"
            ],
            "metadata": {
                "description": "The Windows version for the Desktop VM. This will pick a fully patched image of this given Windows version."
            }
        },
        "vmSize": {
            "type": "string",
            "defaultValue": "Standard_B2s",
            "allowedValues": [
                "Standard_A2",
                "Standard_A3",
                "Standard_B2s",
                "Standard_B2ms",
                "Standard_A2_v2",
                "Standard_A4_v2"
            ],
            "metadata": {
                "description": "Size of the virtual machine. Reference: https://docs.microsoft.com/en-us/azure/virtual-machines/sizes-general"
            }
        },
        "enableMonitoringAgent": {
            "type": "bool",
            "defaultValue": false,
            "metadata": {
                "description": "Do you want to enable the Microsoft Log Analytics Monitoring agent on your Windows 10 workstation? "
            }
        },
        "enableSysmon": {
            "type": "bool",
            "defaultValue": false,
            "metadata": {
                "description": "Do you want to install Sysmon on the endpoint?"
            }
        },
        "c2Framework": {
            "type": "string",
            "defaultValue": "None",
            "allowedValues": [
                "None",
                "empire",
                "covenant",
                "caldera",
                "metasploit",
                "shad0w"
            ],
            "metadata": {
                "description": "C2 framework to deploy"
            }
        },
        "location": {
            "type": "string",
            "defaultValue": "[resourceGroup().location]",
            "metadata": {
                "description": "Location for all resources."
            }
        }
    },
    "variables": {
        "artifactsBlacksmith": "https://raw.githubusercontent.com/OTRF/Blacksmith/master/",
        "artifactsAzureSentinel2Go": "https://raw.githubusercontent.com/OTRF/Azure-Sentinel2Go/master/"
    },
    "resources": [
        {
            "condition": "[and(empty(parameters('workspaceId')),empty(parameters('workspaceKey')))]",
            "name": "deployAzureSentinel2Go",
            "type": "Microsoft.Resources/deployments",
            "apiVersion": "2020-06-01",
            "properties": {
                "mode": "Incremental",
                "templateLink": {
                    "uri": "[uri(variables('artifactsAzureSentinel2Go'),'azure-sentinel/azuredeploy.json')]",
                    "contentVersion": "1.0.0.0"
                },
                "parameters": {
                    "workspaceName": {
                        "value": "[parameters('workspaceName')]"
                    },
                    "pricingTier": {
                        "value": "[parameters('pricingTier')]"
                    },
                    "dataRetention": {
                        "value": "[parameters('dataRetention')]"
                    },
                    "immediatePurgeDataOn30Days": {
                        "value": "[parameters('immediatePurgeDataOn30Days')]"
                    }
                }
            }
        },
        {
            "name": "deployWin10PANFW",
            "type": "Microsoft.Resources/deployments",
            "apiVersion": "2020-06-01",
            "dependsOn": [
                "deployAzureSentinel2Go"
            ],
            "properties": {
                "mode": "Incremental",
                "templateLink": {
                    "uri": "[uri(variables('artifactsBlacksmith'), 'templates/azure/Win10-PAN-FW/azuredeploy.json')]",
                    "contentVersion": "1.0.0.0"
                },
                "parameters": {
                    "adminUsername": {
                        "value": "[parameters('adminUsername')]"
                    },
                    "adminPassword": {
                        "value": "[parameters('adminPassword')]"
                    },
                    "allowedIPAddresses": {
                        "value": "[parameters('allowedIPAddresses')]"
                    },
                    "enableCEFCollector": {
                        "value": true
                    },
                    "windowsDesktopSKU": {
                        "value": "[parameters('windowsDesktopSKU')]"
                    },
                    "vmSize": {
                        "value": "[parameters('vmSize')]"
                    },
                    "firewallVMSize": {
                        "value": "[parameters('firewallVMSize')]"
                    },
                    "firewallSubscription": {
                        "value": "[parameters('firewallSubscription')]"
                    },
                    "enableMonitoringAgent": {
                        "value": "[parameters('enableMonitoringAgent')]"
                    },
                    "enableSysmon": {
                        "value": "[parameters('enableSysmon')]"
                    },
                    "workspaceId": {
                        "value": "[if(empty(parameters('workspaceId')), reference('deployAzureSentinel2Go').outputs.workspaceIdOutput.value, parameters('workspaceId'))]"
                    },
                    "workspaceKey": {
                        "value": "[if(empty(parameters('workspaceKey')), reference('deployAzureSentinel2Go').outputs.workspaceKeyOutput.value, parameters('workspaceKey'))]"
                    },
                    "location": {
                        "value": "[parameters('location')]"
                    }
                }
            }
        },
        {
            "condition": "[not(equals(parameters('c2Framework'), 'None'))]",
            "name": "deployC2",
            "type": "Microsoft.Resources/deployments",
            "apiVersion": "2020-06-01",
            "properties": {
                "mode": "Incremental",
                "templateLink": {
                    "uri": "[uri(variables('artifactsBlacksmith'), 'templates/azure/C2/azuredeploy.json')]",
                    "contentVersion": "1.0.0.0"
                },
                "parameters": {
                    "adminUsername": {
                        "value": "[parameters('adminUsername')]"
                    },
                    "authenticationType": {
                        "value": "password"
                    },
                    "adminPasswordOrKey": {
                        "value": "[parameters('adminPassword')]"
                    },
                    "vmName": {
                        "value": "C2001"
                    },
                    "vmSize": {
                        "value": "[parameters('vmSize')]"
                    },
                    "allowedIPAddresses": {
                        "value": "[parameters('allowedIPAddresses')]"
                    },
                    "c2Framework": {
                        "value": "[parameters('c2Framework')]"
                    }
                }
            }
        },
        {
            "condition": "[not(equals(parameters('c2Framework'), 'None'))]",
            "name": "vnet-c2/peering-to-remote-vnet-win",
            "type": "Microsoft.Network/virtualNetworks/virtualNetworkPeerings",
            "apiVersion": "2019-11-01",
            "dependsOn": [
                "deployC2",
                "deployWin10PANFW"
            ],
            "location": "[parameters('location')]",
            "properties": {
                "allowVirtualNetworkAccess": true,
                "allowForwardedTraffic": false,
                "allowGatewayTransit": false,
                "useRemoteGateways": false,
                "remoteVirtualNetwork": {
                    "id": "[reference('deployWin10PANFW').outputs.virtualNetworkId.value]"
                }
            }
        },
        {
            "condition": "[not(equals(parameters('c2Framework'), 'None'))]",
            "name": "vnet-win/peering-to-remote-vnet-c2",
            "type": "Microsoft.Network/virtualNetworks/virtualNetworkPeerings",
            "apiVersion": "2019-11-01",
            "dependsOn": [
                "deployC2",
                "deployWin10PANFW"
            ],
            "location": "[parameters('location')]",
            "properties": {
                "allowVirtualNetworkAccess": true,
                "allowForwardedTraffic": false,
                "allowGatewayTransit": false,
                "useRemoteGateways": false,
                "remoteVirtualNetwork": {
                    "id": "[if(not(equals(parameters('c2Framework'), 'None')), reference('deployC2').outputs.virtualNetworkId.value, 'Resource not deployed')]"
                }
            }
        }
    ],
    "outputs": {}
}