{
    "$schema": "https://schema.management.azure.com/schemas/2019-04-01/deploymentTemplate.json#",
    "contentVersion": "1.0.0.0",
    "parameters": {
        "vmName": {
            "type": "string",
            "metadata": {
                "description": "Name of the Linux virtual machine"
            }
        },
        "extensionName": {
            "type": "string"
        },
        "fileUris": {
            "type": "array"
        },
        "commandToExecute": {
            "type": "string"
        },
        "location": {
            "type": "string",
            "metadata": {
                "description": "Location for all resources."
            }
        }
    },
    "resources": [
        {
            "type": "Microsoft.Compute/virtualMachines/extensions",
            "apiVersion": "2019-03-01",
            "name": "[concat(parameters('vmName'), '/', parameters('extensionName'))]",
            "location": "[parameters('location')]",
            "properties": {
                "publisher": "Microsoft.Azure.Extensions",
                "type": "CustomScript",
                "typeHandlerVersion": "2.1",
                "autoUpgradeMinorVersion": true,
                "settings": {},
                "protectedSettings": {
                    "commandToExecute": "[parameters('commandToExecute')]",
                    "fileUris": "[parameters('fileUris')]"
                }
            }
        }
    ]
}