{
    "$schema": "https://schema.management.azure.com/schemas/2019-04-01/deploymentTemplate.json#",
    "contentVersion": "1.0.0.0",
    "parameters": {
        "workspaceId": {
            "type": "string",
            "metadata": {
                "description": "Log Analytics workspace ID"
            }
        },
        "workspaceResourceId": {
            "type": "string",
            "metadata": {
                "description": "Log Analytics workspace resource ID"
            }
        },
        "dataCollectionRuleName": {
            "type": "string",
            "metadata": {
                "description": "Name for the data collection rule"
            }
        },
        "dataSourcesFileUrl": {
            "type": "string",
            "metadata": {
                "description": "URL to download a Data Collection Rules Data Sources File (JSON File)."
            }
        },
        "location": {
            "type": "string",
            "metadata": {
                "description": "Specifies the location in which to create the data collection rule."
            },
            "defaultValue": "[resourceGroup().location]"
        },
        "roleGuid": {
            "type": "string",
            "defaultValue": "[newGuid()]"
        }
    },
    "functions": [],
    "variables": {
        "identityName": "[concat('userIdentity',uniqueString(resourceGroup().id))]",
        "DataSourceFile": "[last(split(parameters('dataSourcesFileUrl'),'/'))]",
        "scriptArguments": "[concat('-WorkspaceId ', parameters('WorkspaceId'), ' -WorkspaceResourceId ', parameters('WorkspaceResourceId'),' -ResourceGroup ', resourceGroup().name, ' -DataCollectionRuleName ', parameters('DataCollectionRuleName'), ' -DataSourcesFile ', variables('DataSourceFile'), ' -Location ', parameters('location'), ' -verbose')]"
    },
    "resources": [
        {
            "type": "Microsoft.ManagedIdentity/userAssignedIdentities",
            "name": "[variables('identityName')]",
            "apiVersion": "2018-11-30",
            "location": "[resourceGroup().location]"
        },
        {
            "type": "Microsoft.Resources/deploymentScripts",
            "apiVersion": "2020-10-01",
            "name": "sleep",
            "location": "[resourceGroup().location]",
            "kind": "AzurePowerShell",
            "dependsOn": [
                "[concat('Microsoft.ManagedIdentity/userAssignedIdentities/', variables('identityName'))]"
            ],
            "properties": {
                "forceUpdateTag": "1",
                "azPowerShellVersion": "3.0",
                "arguments": "",
                "scriptContent": "Start-Sleep -Seconds 120",
                "supportingScriptUris": [],
                "timeout": "PT30M",
                "cleanupPreference": "Always",
                "retentionInterval": "P1D"
            }
        },
        {
            "apiVersion": "2017-09-01",
            "type": "Microsoft.Authorization/roleAssignments",
            "name": "[parameters('roleGuid')]",
            "dependsOn": [
                "[concat('Microsoft.Resources/deploymentScripts/', 'sleep')]"
            ],
            "properties": {
                "roleDefinitionId": "[concat('/subscriptions/', subscription().subscriptionId, '/providers/Microsoft.Authorization/roleDefinitions/', 'b24988ac-6180-42a0-ab88-20f7382dd24c')]",
                "principalId": "[reference(resourceId('Microsoft.ManagedIdentity/userAssignedIdentities', variables('identityName')), '2018-11-30', 'Full').properties.principalId]",
                "scope": "[resourceGroup().id]"
            }
        },
        {
            "type": "Microsoft.Resources/deploymentScripts",
            "apiVersion": "2020-10-01",
            "name": "runPowerShellInlineWithOutput",
            "location": "[resourceGroup().location]",
            "kind": "AzurePowerShell",
            "identity": {
                "type": "UserAssigned",
                "userAssignedIdentities": {
                    "[resourceID('Microsoft.ManagedIdentity/userAssignedIdentities/',variables('identityName'))]": {}
                }
            },
            "dependsOn": [
                "[concat('Microsoft.Authorization/roleAssignments/', parameters('roleGuid'))]"
            ],
            "properties": {
                "forceUpdateTag": "1",
                "azPowerShellVersion": "3.0",
                "arguments": "[variables('scriptArguments')]",
                "primaryScriptUri": "https://raw.githubusercontent.com/OTRF/Blacksmith/master/templates/azure/Data-Collection-Rules/Create-DataCollectionRules.ps1",
                "supportingScriptUris": [
                    "[parameters('dataSourcesFileUrl')]"
                ],
                "timeout": "PT30M",
                "cleanupPreference": "OnSuccess",
                "retentionInterval": "P1D"
            }
        }
    ],
    "outputs": {
        "dataCollectionRuleId": {
            "value": "[reference('runPowerShellInlineWithOutput').outputs.text]",
            "type": "string"
        }
    }
}