{
    "$schema": "https://schema.management.azure.com/schemas/2019-04-01/deploymentTemplate.json#",
    "contentVersion": "1.0.0.0",
    "parameters": {
        "dataConnectors": {
            "type": "array",
            "defaultValue": [],
            "metadata": {
                "description": "The kind of data connectors that can be deployed via ARM templates: [\"AzureActivityLog\",\"SecurityEvents\",\"WindowsFirewall\",\"DnsAnalytics\"]"
            }
        },
        "workspaceName": {
            "type": "string",
            "metadata": {
                "description": "Name for the Log Analytics workspace used to aggregate data"
            }
        },
        "workspaceId": {
            "type": "string",
            "defaultValue": "",
            "metadata": {
                "description": "Log Analytics workspace ID"
            }
        },
        "subscriptionId": {
            "type": "string",
            "defaultValue": "[subscription().subscriptionId]",
            "metadata": {
                "description": "Sbscription Id to monitor"
            }
        },
        "tenantId": {
            "type": "string",
            "defaultValue": "[subscription().tenantId]",
            "metadata": {
                "description": "Azure AD tenant ID"
            }
        },
        "securityCollectionTier": {
            "type": "string",
            "defaultValue": "Minimal",
            "allowedValues": [
                "All",
                "Recommended",
                "Minimal",
                "None"
            ],
            "metadata": {
                "description": "Tier for gathering Windows Security Events."
            }
        },
        "connectM365Incidents": {
            "type": "bool",
            "metadata": {
                "description": "Connect Microsoft 365 Defender​ incidents to your Azure Sentinel. Incidents will appear in the incidents queue"
            },
            "defaultValue": false
        },
        "location": {
            "type": "string",
            "defaultValue": "[resourceGroup().location]",
            "metadata": {
                "description": "Location for all resources."
            }
        }
    },
    "variables": {
        "m365DefenderName": "[concat('m365defender', uniqueString(resourceGroup().id))]",
        "o365Name": "[concat('o365', uniqueString(resourceGroup().id))]",
        "officeATPName": "[concat('oatp', uniqueString(resourceGroup().id))]",
        "threatIntelligenceName": "[concat('ti', uniqueString(resourceGroup().id))]",
        "mdatpName": "[concat('mdatp', uniqueString(resourceGroup().id))]",
        "aatpName": "[concat('aatp', uniqueString(resourceGroup().id))]",
        "ascName": "[concat('asc', uniqueString(resourceGroup().id))]",
        "mcasName": "[concat('mcas', uniqueString(resourceGroup().id))]",
        "aadipName": "[concat('aadip', uniqueString(resourceGroup().id))]"
    },
    "resources": [
        {
            "condition": "[contains(parameters('dataConnectors'), 'AzureActivityLog')]",
            "type": "Microsoft.OperationalInsights/workspaces/dataSources",
            "apiVersion": "2020-03-01-preview",
            "location": "[parameters('location')]",
            "name": "[concat(parameters('workspaceName'), '/', replace(parameters('subscriptionId'),'-', ''))]",
            "kind": "AzureActivityLog",
            "properties": {
                "linkedResourceId": "[concat('/subscriptions/', parameters('subscriptionId'), '/providers/microsoft.insights/eventtypes/management')]"
            }
        },
        {
            "condition": "[contains(parameters('dataConnectors'), 'SecurityEvents')]",
            "type": "Microsoft.OperationalInsights/workspaces/dataSources",
            "apiVersion": "2020-03-01-preview",
            "location": "[parameters('location')]",
            "name": "[concat(parameters('workspaceName'), '/SecurityInsightsSecurityEventCollectionConfiguration')]",
            "kind": "SecurityInsightsSecurityEventCollectionConfiguration",
            "properties": {
                "tier": "[parameters('securityCollectionTier')]",
                "tierSetMethod": "Custom"
            }
        },
        {
            "condition": "[contains(parameters('dataConnectors'), 'WindowsFirewall')]",
            "type": "Microsoft.OperationsManagement/solutions",
            "apiVersion": "2015-11-01-preview",
            "name": "[concat('WindowsFirewall','(', parameters('workspaceName'),')')]",
            "location": "[parameters('location')]",
            "plan": {
                "name": "[concat('WindowsFirewall','(', parameters('workspaceName'),')')]",
                "promotionCode": "",
                "product": "OMSGallery/WindowsFirewall",
                "publisher": "Microsoft"
            },
            "properties": {
                "workspaceResourceId": "[parameters('workspaceId')]",
                "containedResources": []
            }
        },
        {
            "condition": "[contains(parameters('dataConnectors'), 'DnsAnalytics')]",
            "type": "Microsoft.OperationsManagement/solutions",
            "apiVersion": "2015-11-01-preview",
            "name": "[concat('DnsAnalytics','(', parameters('workspaceName'),')')]",
            "location": "[parameters('location')]",
            "plan": {
                "name": "[concat('DnsAnalytics','(', parameters('workspaceName'),')')]",
                "promotionCode": "",
                "product": "OMSGallery/DnsAnalytics",
                "publisher": "Microsoft"
            },
            "properties": {
                "workspaceResourceId": "[parameters('workspaceId')]",
                "containedResources": []
            }
        },
        {
            "condition": "[contains(parameters('dataConnectors'), 'LinuxSyslogCollection')]",
            "type": "Microsoft.OperationalInsights/workspaces/dataSources",
            "apiVersion": "2020-08-01",
            "location": "[parameters('location')]",
            "name": "[concat(parameters('workspaceName'), '/syslogCollection')]",
            "kind": "LinuxSyslogCollection",
            "properties": {
                "state": "Enabled"
            }
        },
        {
            "condition": "[or(parameters('connectM365Incidents'), contains(parameters('dataConnectors'), 'MicrosoftThreatProtection'))]",
            "type": "Microsoft.OperationalInsights/workspaces/providers/dataConnectors",
            "apiVersion": "2019-01-01-preview",
            "location": "[parameters('location')]",
            "name": "[concat(parameters('workspaceName'),'/Microsoft.SecurityInsights/',variables('m365DefenderName'))]",
            "kind": "MicrosoftThreatProtection",
            "properties": {
                "tenantId": "[parameters('tenantId')]",
                "dataTypes": {
                    "incidents": {
                        "state": "enabled"
                    }
                }
            }
        },
        {
            "condition": "[contains(parameters('dataConnectors'), 'Office365')]",
            "type": "Microsoft.OperationalInsights/workspaces/providers/dataConnectors",
            "apiVersion": "2020-01-01",
            "location": "[parameters('location')]",
            "name": "[concat(parameters('workspaceName'),'/Microsoft.SecurityInsights/',variables('o365Name'))]",
            "kind": "Office365",
            "properties": {
                "tenantId": "[parameters('tenantId')]",
                "dataTypes": {
                    "exchange": {
                        "state": "enabled"
                    },
                    "sharePoint": {
                        "state": "enabled"
                    },
                    "teams": {
                        "state": "enabled"
                    }
                }
            }
        },
		{
			"condition": "[or(contains(parameters('dataConnectors'), 'OfficeATP'), contains(parameters('dataConnectors'), 'MicrosoftThreatProtection'))]",
            "type": "Microsoft.OperationalInsights/workspaces/providers/dataConnectors",
            "apiVersion": "2019-01-01-preview",
            "location": "[parameters('location')]",
            "name": "[concat(parameters('workspaceName'),'/Microsoft.SecurityInsights/',variables('officeATPName'))]",
            "kind": "OfficeATP",
            "properties": {
                "tenantId": "[parameters('tenantId')]",
                "dataTypes": {
                    "alerts": {
                        "state": "enabled"
                    }
                }
            }
        },
        {
			"condition": "[contains(parameters('dataConnectors'), 'ThreatIntelligence')]",
            "type": "Microsoft.OperationalInsights/workspaces/providers/dataConnectors",
            "apiVersion": "2020-01-01",
            "location": "[parameters('location')]",
            "name": "[concat(parameters('workspaceName'),'/Microsoft.SecurityInsights/',variables('threatIntelligenceName'))]",
            "kind": "ThreatIntelligence",
            "properties": {
                "tenantId": "[parameters('tenantId')]",
                "dataTypes": {
                    "indicators": {
                        "state": "enabled"
                    }
                }
            }
        },
        {
            "condition": "[or(contains(parameters('dataConnectors'), 'MicrosoftDefenderAdvancedThreatProtection'), contains(parameters('dataConnectors'), 'MicrosoftThreatProtection'))]",
            "type": "Microsoft.OperationalInsights/workspaces/providers/dataConnectors",
            "apiVersion": "2019-01-01-preview",
            "location": "[parameters('location')]",
            "name": "[concat(parameters('workspaceName'),'/Microsoft.SecurityInsights/',variables('mdatpName'))]",
            "kind": "MicrosoftDefenderAdvancedThreatProtection",
            "properties": {
                "tenantId": "[parameters('tenantId')]",
                "dataTypes": {
                    "alerts": {
                        "state": "enabled"
                    }
                }
            }
        },
        {
            "condition": "[or(contains(parameters('dataConnectors'), 'MicrosoftCloudAppSecurity'),contains(parameters('dataConnectors'), 'MicrosoftThreatProtection'))]",
            "type": "Microsoft.OperationalInsights/workspaces/providers/dataConnectors",
            "apiVersion": "2020-01-01",
            "location": "[parameters('location')]",
            "name": "[concat(parameters('workspaceName'),'/Microsoft.SecurityInsights/',variables('mcasName'))]",
            "kind": "MicrosoftCloudAppSecurity",
            "properties": {
                "tenantId": "[parameters('tenantId')]",
                "dataTypes": {
                    "alerts": {
                        "state": "enabled"
                    },
                    "discoveryLogs": {
                        "state": "enabled"
                    }
                }
            }
        },
        {
            "condition": "[contains(parameters('dataConnectors'), 'AzureSecurityCenter')]",
            "type": "Microsoft.OperationalInsights/workspaces/providers/dataConnectors",
            "apiVersion": "2020-01-01",
            "location": "[parameters('location')]",
            "name": "[concat(parameters('workspaceName'),'/Microsoft.SecurityInsights/',variables('ascName'))]",
            "kind": "AzureSecurityCenter",
            "properties": {
                "subscriptionId": "[parameters('subscriptionId')]",
                "dataTypes": {
                    "alerts": {
                        "state": "enabled"
                    }
                }
            }
        },
        {
            "condition": "[or(contains(parameters('dataConnectors'), 'AzureAdvancedThreatProtection'),contains(parameters('dataConnectors'), 'MicrosoftThreatProtection'))]",
            "type": "Microsoft.OperationalInsights/workspaces/providers/dataConnectors",
            "apiVersion": "2020-01-01",
            "location": "[parameters('location')]",
            "name": "[concat(parameters('workspaceName'),'/Microsoft.SecurityInsights/',variables('aatpName'))]",
            "kind": "AzureAdvancedThreatProtection",
            "properties": {
                "tenantId": "[parameters('tenantId')]",
                "dataTypes": {
                    "alerts": {
                        "state": "enabled"
                    }
                }
            }
        },
        {
            "condition": "[contains(parameters('dataConnectors'), 'AzureActiveDirectoryIdentityProtection')]",
            "type": "Microsoft.OperationalInsights/workspaces/providers/dataConnectors",
            "apiVersion": "2020-01-01",
            "location": "[parameters('location')]",
            "name": "[concat(parameters('workspaceName'),'/Microsoft.SecurityInsights/',variables('aadipName'))]",
            "kind": "AzureActiveDirectory",
            "properties": {
                "tenantId": "[parameters('tenantId')]",
                "dataTypes": {
                    "alerts": {
                        "state": "enabled"
                    }
                }
            }
        }
    ]
}