{
    "$schema": "https://schema.management.azure.com/schemas/2019-04-01/deploymentTemplate.json#",
    "contentVersion": "1.0.0.0",
    "parameters": {
        "guidValue": {
            "type": "string",
            "defaultValue": "[newGuid()]"
        },
        "workspaceName": {
            "type": "string",
            "metadata": {
                "description": "Name for the Log Analytics workspace used to aggregate data"
            }
        },
        "awsRoleArn": {
            "type": "string",
            "metadata": {
                "description": "The AWS Role Amazon Resource Name (ARN) created with AWSCloudTrailReadOnlyAccess to access the Log Analytics workspace"
            }
        },
        "location": {
            "type": "string",
            "defaultValue": "[resourceGroup().location]",
            "metadata": {
                "description": "Location for all resources."
            }
        }
    },
    "resources": [
        {
            "type": "Microsoft.SecurityInsights/dataConnectors",
            "apiVersion": "2020-01-01",
            "location": "[parameters('location')]",
            "name": "[concat(parameters('workspaceName'), concat('/',parameters('guidValue')))]",
            "kind": "AmazonWebServicesCloudTrail",
            "properties": {
                "awsRoleArn": "[parameters('awsRoleArn')]",
                "dataTypes": {
                    "logs": {
                        "state": "enabled"
                    }
                }
            }
        }
    ]
}