{
    "$schema": "https://schema.management.azure.com/schemas/2019-04-01/deploymentTemplate.json#",
    "contentVersion": "1.0.0.0",
    "parameters": {
        "guidValue": {
            "type": "string",
            "defaultValue": "[newGuid()]"
        },
        "workspaceName": {
            "type": "string",
            "metadata": {
                "description": "Name for the Log Analytics workspace used to aggregate data"
            }
        },
        "tenantId": {
            "type": "string",
            "metadata": {
                "description": "Tenand Id"
            }
        },
        "createAADIdentityProtectionIncidents": {
            "type": "bool",
            "defaultValue": false,
            "metadata": {
                "description": "Create incidents automatically from all alerts generated in this connected service."
            }
        },
        "location": {
            "type": "string",
            "defaultValue": "[resourceGroup().location]",
            "metadata": {
                "description": "Location for all resources."
            }
        }
    },
    "variables": {
        "aadipName": "[concat('aadip', uniqueString(resourceGroup().id))]"
    },
    "resources": [
        {
            "type": "Microsoft.OperationalInsights/workspaces/providers/dataConnectors",
            "apiVersion": "2020-01-01",
            "location": "[parameters('location')]",
            "name": "[concat(parameters('workspaceName'),'/Microsoft.SecurityInsights/',variables('aadipName'))]",
            "kind": "AzureActiveDirectory",
            "properties": {
                "tenantId": "[parameters('tenantId')]",
                "dataTypes": {
                    "alerts": {
                        "state": "enabled"
                    }
                }
            }
        },
        {
            "condition": "[parameters('createAADIdentityProtectionIncidents')]",
            "type": "Microsoft.SecurityInsights/alertRules",
            "apiVersion": "2020-01-01",
            "location": "[parameters('location')]",
            "name": "[parameters('guidValue')]",
            "kind": "MicrosoftSecurityIncidentCreation",
            "properties": {
                "displayName": "Create incidents based on Azure Active Directory Identity Protection alerts",
                "description": "Create incidents based on all alerts generated in Azure Active Directory Identity Protection",
                "enabled": true,
                "productFilter": "Azure Active Directory Identity Protection"
            }
        }
    ]
}
