{
    "$schema": "https://schema.management.azure.com/schemas/2019-04-01/deploymentTemplate.json#",
    "contentVersion": "1.0.0.0",
    "parameters": {
        "guidValue": {
            "type": "string",
            "defaultValue": "[newGuid()]"
        },
        "workspaceName": {
            "type": "string",
            "metadata": {
                "description": "Name for the Log Analytics workspace used to aggregate data"
            }
        },
        "subscriptionId": {
            "type": "string",
            "defaultValue": "[subscription().subscriptionId]",
            "metadata": {
                "description": "Sbscription Id to monitor"
            }
        },
        "ascState": {
            "type": "string",
            "metadata": {
                "description": "ASC state"
            }
        },
        "location": {
            "type": "string",
            "defaultValue": "[resourceGroup().location]",
            "metadata": {
                "description": "Location for all resources."
            }
        }
    },
    "resources": [
        {
            "type": "Microsoft.OperationalInsights/workspaces/providers/dataConnectors",
            "apiVersion": "2020-01-01",
            "location": "[parameters('location')]",
            "name": "[concat(parameters('workspaceName'),'/Microsoft.SecurityInsights/',parameters('guidValue'))]",
            "kind": "AzureSecurityCenter",
            "properties": {
                "subscriptionId": "[parameters('subscriptionId')]",
                "dataTypes": {
                    "alerts": {
                        "state": "[parameters('ascState')]"
                    }
                }
            }
        }
    ]
}