{
    "$schema": "https://schema.management.azure.com/schemas/2019-04-01/deploymentTemplate.json#",
    "contentVersion": "1.0.0.0",
    "parameters": {
        "workspaceName": {
            "type": "string",
            "metadata": {
                "description": "Name for the Log Analytics workspace used to aggregate data"
            }
        },
        "connectM365Incidents": {
            "type": "bool",
            "metadata": {
                "description": "Connect Microsoft 365 Defender​ incidents to your Azure Sentinel. Incidents will appear in the incidents queue"
            },
            "defaultValue": true
        },
        "tenantId": {
            "type": "string",
            "metadata": {
                "description": "Tenand Id"
            }
        },
        "location": {
            "type": "string",
            "defaultValue": "[resourceGroup().location]",
            "metadata": {
                "description": "Location for all resources."
            }
        }
    },
    "variables": {
        "m365DefenderName": "[concat('m365defender', uniqueString(resourceGroup().id))]",
        "officeATPName": "[concat('oatp', uniqueString(resourceGroup().id))]",
        "mdatpName": "[concat('mdatp', uniqueString(resourceGroup().id))]",
        "aatpName": "[concat('aatp', uniqueString(resourceGroup().id))]",
        "mcasName": "[concat('mcas', uniqueString(resourceGroup().id))]"
    },
    "resources": [
        {
            "condition": "[parameters('connectM365Incidents')]",
            "type": "Microsoft.OperationalInsights/workspaces/providers/dataConnectors",
            "apiVersion": "2020-01-01",
            "location": "[parameters('location')]",
            "name": "[concat(parameters('workspaceName'),'/Microsoft.SecurityInsights/',variables('m365DefenderName'))]",
            "kind": "MicrosoftThreatProtection",
            "properties": {
                "tenantId": "[parameters('tenantId')]",
                "dataTypes": {
                    "incidents": {
                        "state": "enabled"
                    }
                }
            }
        },
        {
            "condition": "[parameters('connectM365Incidents')]",
            "type": "Microsoft.OperationalInsights/workspaces/providers/dataConnectors",
            "apiVersion": "2019-01-01-preview",
            "location": "[parameters('location')]",
            "name": "[concat(parameters('workspaceName'),'/Microsoft.SecurityInsights/',variables('mdatpName'))]",
            "kind": "MicrosoftDefenderAdvancedThreatProtection",
            "properties": {
                "tenantId": "[parameters('tenantId')]",
                "dataTypes": {
                    "alerts": {
                        "state": "enabled"
                    }
                }
            }
        },
        {
            "condition": "[parameters('connectM365Incidents')]",
            "type": "Microsoft.OperationalInsights/workspaces/providers/dataConnectors",
            "apiVersion": "2019-01-01-preview",
            "location": "[parameters('location')]",
            "name": "[concat(parameters('workspaceName'),'/Microsoft.SecurityInsights/',variables('officeATPName'))]",
            "kind": "OfficeATP",
            "properties": {
                "tenantId": "[parameters('tenantId')]",
                "dataTypes": {
                    "alerts": {
                        "state": "enabled"
                    }
                }
            }
        },
        {
            "condition": "[parameters('connectM365Incidents')]",
            "type": "Microsoft.OperationalInsights/workspaces/providers/dataConnectors",
            "apiVersion": "2020-01-01",
            "location": "[parameters('location')]",
            "name": "[concat(parameters('workspaceName'),'/Microsoft.SecurityInsights/',variables('aatpName'))]",
            "kind": "AzureAdvancedThreatProtection",
            "properties": {
                "tenantId": "[parameters('tenantId')]",
                "dataTypes": {
                    "alerts": {
                        "state": "enabled"
                    }
                }
            }
        },
        {
            "condition": "[parameters('connectM365Incidents')]",
            "type": "Microsoft.OperationalInsights/workspaces/providers/dataConnectors",
            "apiVersion": "2020-01-01",
            "location": "[parameters('location')]",
            "name": "[concat(parameters('workspaceName'),'/Microsoft.SecurityInsights/',variables('mcasName'))]",
            "kind": "MicrosoftCloudAppSecurity",
            "properties": {
                "tenantId": "[parameters('tenantId')]",
                "dataTypes": {
                    "alerts": {
                        "state": "enabled"
                    },
                    "discoveryLogs": {
                        "state": "enabled"
                    }
                }
            }
        }
    ]
}