{
    "$schema": "https://schema.management.azure.com/schemas/2019-04-01/deploymentTemplate.json#",
    "contentVersion": "1.0.0.0",
    "parameters": {
        "guidValue": {
            "type": "string",
            "defaultValue": "[newGuid()]"
        },
        "workspaceName": {
            "type": "string",
            "metadata": {
                "description": "Name for the Log Analytics workspace used to aggregate data"
            }
        },
        "exchangeState": {
            "type": "string",
            "metadata": {
                "description": "Exchange state"
            }
        },
        "sharePointState": {
            "type": "string",
            "metadata": {
                "description": "SharePoint state"
            }
        },
        "teamsState": {
            "type": "string",
            "metadata": {
                "description": "Teams state"
            }
        },
        "tenantId": {
            "type": "string",
            "metadata": {
                "description": "Tenand Id"
            }
        },
        "location": {
            "type": "string",
            "defaultValue": "[resourceGroup().location]",
            "metadata": {
                "description": "Location for all resources."
            }
        }
    },
    "resources": [
        {
            "type": "Microsoft.OperationalInsights/workspaces/providers/dataConnectors",
            "apiVersion": "2020-01-01",
            "location": "[parameters('location')]",
            "name": "[concat(parameters('workspaceName'),'/Microsoft.SecurityInsights/',parameters('guidValue'))]",
            "kind": "Office365",
            "properties": {
                "tenantId": "[parameters('tenantId')]",
                "dataTypes": {
                    "exchange": {
                        "state": "[parameters('exchangeState')]"
                    },
                    "sharePoint": {
                        "state": "[parameters('sharePointState')]"
                    },
                    "teams": {
                        "state": "[parameters('teamsState')]"
                    }
                }
            }
        }
    ]
}