{
    "$schema": "https://schema.management.azure.com/schemas/2019-04-01/deploymentTemplate.json#",
    "contentVersion": "1.0.0.0",
    "parameters": {
        "workspaceName": {
            "type": "string",
            "metadata": {
                "description": "Name for the Log Analytics workspace used to aggregate data"
            }
        },
        "securityCollectionTier": {
            "type": "string",
            "allowedValues": [
                "All",
                "Recommended",
                "Minimal",
                "None"
            ],
            "metadata": {
                "description": "Tier for gathering Windows Security Events."
            }
        },
        "location": {
            "type": "string",
            "defaultValue": "[resourceGroup().location]",
            "metadata": {
                "description": "Location for all resources."
            }
        }
    },
    "resources": [
        {
            "type": "Microsoft.OperationalInsights/workspaces/dataSources",
            "apiVersion": "2020-03-01-preview",
            "location": "[parameters('location')]",
            "name": "[concat(parameters('workspaceName'), '/SecurityInsightsSecurityEventCollectionConfiguration')]",
            "kind": "SecurityInsightsSecurityEventCollectionConfiguration",
            "properties": {
                "tier": "[parameters('securityCollectionTier')]",
                "tierSetMethod": "Custom"
            }
        }
    ]
}