{
    "$schema": "https://schema.management.azure.com/schemas/2019-04-01/deploymentTemplate.json#",
    "contentVersion": "1.0.0.0",
    "parameters": {
        "workspaceName": {
            "type": "string",
            "metadata": {
                "description": "Name for the Log Analytics workspace used to aggregate data"
            }
        },
        "workspaceId": {
            "type": "string",
            "metadata": {
                "description": "Log Analytics workspace ID"
            }
        },
        "location": {
            "type": "string",
            "defaultValue": "[resourceGroup().location]",
            "metadata": {
                "description": "Location for all resources."
            }
        }
    },
    "resources": [
        {
            "type": "Microsoft.OperationsManagement/solutions",
            "apiVersion": "2015-11-01-preview",
            "name": "[concat('WindowsFirewall','(', parameters('workspaceName'),')')]",
            "location": "[parameters('location')]",
            "plan": {
                "name": "[concat('WindowsFirewall','(', parameters('workspaceName'),')')]",
                "promotionCode": "",
                "product": "OMSGallery/WindowsFirewall",
                "publisher": "Microsoft"
            },
            "properties": {
                "workspaceResourceId": "[parameters('workspaceId')]",
                "containedResources": []
            }
        }
    ]
}